{
    "Rocky Comfort": [36.743364, -94.092425],
    "Cassville": [36.6815, -93.8655],
    "Anderson": [36.646879, -94.443386],
    "Joplin": [37.075394, -94.507271],
    "Neosho": [36.857717, -94.37452],
    "Miami": [36.88719530554497, -94.87761931913234],
    "Grove": [36.58435482022429, -94.77114227415328],
    "Decatur": [36.340013237978596, -94.46301790267803],
    "Bentonville": [36.360597235995144, -94.23202598080331],
    "Rogers": [36.310141983858564, -94.12241725803072],
    "Springdale": [36.166165333199736, -94.14538289518306],
    "Eureka Springs": [36.39969218029382, -93.73960032050323],
    "Shell Knob": [36.623708470880956, -93.62059656112679],
    "Branson": [36.63878735470797, -93.2301807196966],
    "Crane": [36.89968539849111, -93.57570916974939],
    "Aurora": [36.96060061140863, -93.71454688526131],
    "Billings": [37.06312841377201, -93.55587521039052],
    "Monett": [36.91387548089791, -93.92332540482813],
    "Nixa": [37.040332591264786, -93.29859281748729],
    "Mt Vernon": [37.092655226023034, -93.82668508208847],
    "Sarcoxie": [37.08144627124506, -94.12410289843338],
    "Seligman": [36.528298830320956, -93.93675309278561],
    "Jay": [36.42379364900375, -94.79887111570791]
}
